{"cameraMode":{"drawMode":0,"name":"Shaded","section":"Shading Mode"},"sceneLighting":false,"audioPlay":false,"sceneViewState":{"m_AlwaysRefresh":false,"showFog":true,"showSkybox":false,"showFlares":true,"showImageEffects":true,"showParticleSystems":true,"showVisualEffectGraphs":true,"m_FxEnabled":true},"in2DMode":false,"pivot":{"x":1.239264726638794,"y":0.8968212604522705,"z":-0.00470849871635437},"rotation":{"x":0.06671755015850067,"y":-0.8581548929214478,"z":0.11552345752716065,"w":0.4956762492656708},"size":1.3709912300109864,"orthographic":false}