{"cameraMode":{"drawMode":0,"name":"Shaded","section":"Shading Mode"},"sceneLighting":true,"audioPlay":false,"sceneViewState":{"m_AlwaysRefresh":false,"showFog":true,"showSkybox":true,"showFlares":true,"showImageEffects":true,"showParticleSystems":true,"showVisualEffectGraphs":true,"m_FxEnabled":true},"in2DMode":false,"pivot":{"x":1.6432541608810425,"y":0.5558261871337891,"z":0.936281144618988},"rotation":{"x":-0.003138102125376463,"y":-0.9896966218948364,"z":0.14138543605804444,"w":-0.02198019251227379},"size":1.5417183637619019,"orthographic":true}